PN00-8.edf,8
PN00-2.edf,8
PN00-3.edf,8
PN00-4.edf,8
PN00-5.edf,8
PN01-8.edf,8
PN03-8.edf,8
PN03-2.edf,8
PN05-2.edf,8
PN05-3.edf,8
PN05-4.edf,8
PN06-8.edf,8
PN06-2.edf,8
PN06-3.edf,8
PN06-4.edf,8
PN06-5.edf,8
PN07-8.edf,8
PN09-8.edf,8
PN09-2.edf,8
PN09-3.edf,8
PN10-8.edf,8
PN10-2.edf,8
PN10-3.edf,8
PN10-4.5.6.edf,8
PN10-7.8.9.edf,8
PN10-10.edf,8
PN11-8.edf,8
PN12-8.2.edf,8
PN12-3.edf,8
PN12-4.edf,8
PN13-8.edf,8
PN13-2.edf,8
PN13-3.edf,8
PN14-8.edf,8
PN14-2.edf,8
PN14-3.edf,8
PN14-4.edf,8
PN16-8.edf,8
PN16-2.edf,8
PN17-8.edf,8
PN17-2.edf,8
